"golden_id","tweet_id","conversation_id","customer_message","normalized_message","candidate_intent","source_cluster","conversation_context","annotation_label","annotation_status","annotator","notes"
"gold_001","1141068","conv_AppleSupport_1141068","@AppleSupport Just updated to latest #ios11. Autocorrect always suggests ""minuet"" when I want ""minute"". Trying to push baroque dances on us?","<USER> Just updated to latest #ios11. Autocorrect always suggests ""minuet"" when I want ""minute"". Trying to push baroque dances on us?","software_update_problem",3,"@388594 Here's a useful technique to prevent the Auto-Correction of words. Check out Text Replacements here: https://t.co/U5VKSTl2CD","","pending","",""
"gold_002","704558","conv_AppleSupport_704558","This update is ruining my life!! @115858","This update is ruining my life!! <USER>","software_update_problem",6,"@288369 We are here to help. Please send us a DM with details about what's going on. https://t.co/GDrqU22YpT","","pending","",""
"gold_003","1671828","conv_AppleSupport_1671828","@AppleSupport it works on my phone but not my MacBook","<USER> it works on my phone but not my MacBook","mac_software_issue",5,"@508839 Let's take a closer look in DM. What is the exact error message you're receiving? https://t.co/GDrqU22YpT","","pending","",""
"gold_004","2545615","conv_AppleSupport_2545615","@AppleSupport my phone slow as hell after this update cmon now 🤦🏻‍♂️ lagging like it’s a iPhone 3","<USER> my phone slow as hell after this update cmon now 🤦🏻‍♂️ lagging like it’s a iPhone 3","software_update_problem",6,"@723549 Let's take a look at this together. Is it an app that's slow or does it seem to be the entire iPhone? If you restart, does that help for a time? Let us know in DM and we'll get started. https://t.co/GDrqU22YpT","","pending","",""
"gold_005","2309580","conv_AppleSupport_2309580","@115858 can you explain why the system still records my location when the switch is off, and never shows purple even if icon on screen !!! https://t.co/yWIEtfYens","<USER> can you explain why the system still records my location when the switch is off, and never shows purple even if icon on screen !!! <URL>","display_touch_issue",5,"@162026 We're here to help. So we can look into this with you can you please message us in DM? https://t.co/GDrqU22YpT","","pending","",""
"gold_006","2709966","conv_AppleSupport_2709966","@AppleSupport I can't sync my new iPhone to my new Mbook w my new user ID cuz you want me to log into my ex from 6 yrs ago iTunes? Explain","<USER> I can't sync my new iPhone to my new Mbook w my new user ID cuz you want me to log into my ex from 6 yrs ago iTunes? Explain","general_device_support",4,"@760958 We'd like to look into this with you. DM us and we'll get started and sort things out with you. https://t.co/GDrqU22YpT","","pending","",""
"gold_007","2020181","conv_AppleSupport_2020181","@115858 @AppleSupport ever since I️ had that update to iOS11.1 my phone keeps lagging.","<USER> <USER> ever since I️ had that update to iOS11.1 my phone keeps lagging.","software_update_problem",3,"@597409 We're here to help. Please DM your device model, country, and iOS version. We'll pick up there with your support options. https://t.co/GDrqU22YpT","","pending","",""
"gold_008","1642517","conv_AppleSupport_1642517","Hey @115858 - I’m sick of seeing I️ when I️ type I️ by itself. Fix it.","Hey <USER> - I’m sick of seeing I️ when I️ type I️ by itself. Fix it.","keyboard_typing_issue",0,"@502058 Here’s what you can do to work around the issue until it’s fixed in a future software update: https://t.co/xXaXeeSRt9","","pending","",""
"gold_009","1993383","conv_AppleSupport_1993383","Looks like Apple fucked up their iOS screen recording for iOS 11.2 beta. Why do you hate me Apple! https://t.co/TBkZeaLiom","Looks like Apple fucked up their iOS screen recording for iOS 11.2 beta. Why do you hate me Apple! <URL>","software_update_problem",3,"@589930 Meet up with us in DM so we can provide you some guidance. Let us know if you're using Public beta or have a Developer account. https://t.co/GDrqU22YpT","","pending","",""
"gold_010","2896155","conv_AppleSupport_2896155","@AppleSupport Have a 2009 MacBook. When I turn on I get the flashing folder w/ ?  Holding down command + R when I boot but it won’t boot to recovery mode. Ideas?","<USER> Have a 2009 MacBook. When I turn on I get the flashing folder w/ ? Holding down command + R when I boot but it won’t boot to recovery mode. Ideas?","mac_software_issue",5,"@802526 A flashing question mark means the Mac can't find it's system software. We'll do all we can to help. To begin, we'll want to get into macOS Recovery. Are we following all of the steps listed under ""How to use macOS Recovery"" here: https://t.co/3mWPPC8cdZ","","pending","",""
"gold_011","2726023","conv_AppleSupport_2726023","pentatonix being made fun of on a popular animated show is on my bucket list","pentatonix being made fun of on a popular animated show is on my bucket list","general_device_support",5,"@764487 We can help with that. Just to clarify, are you seeing the A + special character when typing the letter I? If so, which version of iOS are you using? You can check that at Settings &gt; General &gt; About.","","pending","",""
"gold_012","517208","conv_AppleSupport_517208","Wow was on hold for like 10 min with @AppleSupport and they hung up on me , been tryin to recover my Apple ID password all week 😒😒","Wow was on hold for like 10 min with <USER> and they hung up on me , been tryin to recover my Apple ID password all week 😒😒","account_access_issue",4,"@239248 We are so sorry the call was interrupted. Let's get a call scheduled for you at your earliest convenience. Please tap here to meet us in a DM and we'll be glad to set that up: https://t.co/GDrqU22YpT","","pending","",""
"gold_013","1845332","conv_AppleSupport_1845332","Just did the @115858 update and per usually my phone doesn’t work as well and my battery life is dying. #typcialappleproducts","Just did the <USER> update and per usually my phone doesn’t work as well and my battery life is dying. #typcialappleproducts","software_update_problem",6,"@552794 Great batery life is important, and we want to check things out with you. Could you join us in DM with more details? https://t.co/GDrqU22YpT","","pending","",""
"gold_014","1598591","conv_AppleSupport_1598591","Restored this fucking phone &amp; I STILL can’t type to group texts with droid users 😑😑 wtf @115858","Restored this fucking phone &amp; I STILL can’t type to group texts with droid users 😑😑 wtf <USER>","keyboard_typing_issue",2,"@__Mamass__ Let's look into this for you. Send us a DM with your current iOS version to get started. https://t.co/GDrqU22YpT","","pending","",""
"gold_015","655862","conv_AppleSupport_655862","@AppleSupport I jst saw a transaction made on my credit card from an iTunes purchase of $10.81 and another of $1.07 I didn’t buy nothing.","<USER> I jst saw a transaction made on my credit card from an iTunes purchase of $10.81 and another of $1.07 I didn’t buy nothing.","billing_purchase_issue",4,"@276020 We'll point you in the right direction. To look into this, connect with our iTunes Store Support team: https://t.co/SDIe7UiyJN","","pending","",""
"gold_016","270317","conv_AppleSupport_270317","Why @115858 won’t let me update my payment. It keeps saying card declined when I have money in my account! #iOS11","Why <USER> won’t let me update my payment. It keeps saying card declined when I have money in my account! #iOS11","billing_purchase_issue",4,"@180449 We're happy to help. Let's start here: https://t.co/U96y4MTG7k","","pending","",""
"gold_017","1533769","conv_AppleSupport_1533769","@AppleSupport when’re you guys gonna fix your shitty ios11. I’m tired of my phone freezing and restarting cuz the 11 is shit","<USER> when’re you guys gonna fix your shitty ios11. I’m tired of my phone freezing and restarting cuz the 11 is shit","software_update_problem",3,"@475662 We're here for you. Which device and version of iOS 11 are you running? Check by tapping Settings &gt; General &gt; About.","","pending","",""
"gold_018","1642648","conv_AppleSupport_1642648","Someone explain to me why my phone corrects “I️” as in the letter i to a? https://t.co/sTx6i8U0dP","Someone explain to me why my phone corrects “I️” as in the letter i to a? <URL>","keyboard_typing_issue",0,"@502105 Here’s what you can do to work around the issue until it’s fixed in a future software update: https://t.co/xXaXeeSRt9","","pending","",""
"gold_019","2899060","conv_AppleSupport_2899060","@AppleSupport my Apple Music just crashed and every time I open the app it shows a black screen and crashes again can it be fixed?","<USER> my Apple Music just crashed and every time I open the app it shows a black screen and crashes again can it be fixed?","display_touch_issue",5,"@803156 We'd be happy to assist you.  Let us know in DM the device you're using with Apple Music and the steps tried and we'll continue from there. https://t.co/GDrqU22YpT","","pending","",""
"gold_020","1185354","conv_AppleSupport_1185354","@AppleSupport hey Apple I’m trying to purchase an App and it’s saying I need to answer Security Questions but it won’t let me reset them","<USER> hey Apple I’m trying to purchase an App and it’s saying I need to answer Security Questions but it won’t let me reset them","billing_purchase_issue",4,"@398723 For help with accessing your account, reach out to our Apple ID team here:  https://t.co/UJm15vmMM2","","pending","",""
"gold_021","1875605","conv_AppleSupport_1875605","Hmm, why am I getting ""create new user account"" when I go to Apple Discussions? Why not the usual login? @AppleSupport","Hmm, why am I getting ""create new user account"" when I go to Apple Discussions? Why not the usual login? <USER>","account_access_issue",5,"@250267 We're happy to help. Have you tried clearing history? Take a look here: https://t.co/lRzEVxtJKt Send us a DM with your results https://t.co/GDrqU22YpT","","pending","",""
"gold_022","451358","conv_AppleSupport_451358","@AppleSupport hello. Any idea why many of my messages on the lock screen keep coming through like this? Many thanks. https://t.co/i8EMG88xW5","<USER> hello. Any idea why many of my messages on the lock screen keep coming through like this? Many thanks. <URL>","display_touch_issue",5,"@222030 Thanks for reaching out about notifications. Does this happen with only notifications from a specific app?","","pending","",""
"gold_023","2800566","conv_AppleSupport_2800566","@AppleSupport just got an email saying that someone just tried accessing my account from someplace else but I don’t trust it cuz it looks to plain of an email","<USER> just got an email saying that someone just tried accessing my account from someplace else but I don’t trust it cuz it looks to plain of an email","general_device_support",7,"@781292 Thank you for reaching out to us and providing us with this information. This may be a phishing attempt. We recommend changing your Apple ID password if you have clicked any links. 

Please report this phishing message using the info here: https://t.co/6Ye6EtSytB","","pending","",""
"gold_024","247086","conv_AppleSupport_247086","@AppleSupport please do something about these constant prompts for AppleID Verification, they're driving me nuts.","<USER> please do something about these constant prompts for AppleID Verification, they're driving me nuts.","account_access_issue",4,"@174691 Surely! We're glad to help with those prompts. Which device is this occurring on &amp; what version of OS are you running?","","pending","",""
"gold_025","267770","conv_AppleSupport_267770","Espero que con la actualizacion de corrección de errores y demás mi iPhone mejore... por que el iOs 11 va de pena @115858","Espero que con la actualizacion de corrección de errores y demás mi iPhone mejore... por que el iOs 11 va de pena <USER>","software_update_problem",3,"@179846 We offer support via Twitter in English. Get help in Spanish here: https://t.co/IBIY3vMgPj or join https://t.co/OczyRx7IOs","","pending","",""
"gold_026","2286436","conv_AppleSupport_2286436","@115858 for the love of #280characters would you please fix this I️ crap!  It’s annoying AF! Also apps are loading wrong on 6splus, because of X screen size.","<USER> for the love of #280characters would you please fix this I️ crap! It’s annoying AF! Also apps are loading wrong on 6splus, because of X screen size.","display_touch_issue",5,"@541189 We'll be happy to look into this for you. What iOS version is currently installed on your device?","","pending","",""
"gold_027","894857","conv_AppleSupport_894857","@AppleSupport since updating to high sierra I'm seeing lots of notifications from Time Machine, which I don't use. How do I turn off?","<USER> since updating to high sierra I'm seeing lots of notifications from Time Machine, which I don't use. How do I turn off?","mac_software_issue",5,"@328357 Thanks for reaching out to us. We are always happy to help. This article should help you here: https://t.co/colSnLidmp","","pending","",""
"gold_028","2807602","conv_AppleSupport_2807602","@115858 I AM LITERALLY SO MAD THAT MY WIFI KEEPS TURNING ON AFTER IVE INTENTIONALLY TURNED IT OFF 😭😭😭","<USER> I AM LITERALLY SO MAD THAT MY WIFI KEEPS TURNING ON AFTER IVE INTENTIONALLY TURNED IT OFF 😭😭😭","hardware_audio_connection_issue",5,"@783014 We’d like to figure out why this is happening too. Does this happen when you turn off Wi-Fi by going to Settings &gt; Wi-Fi? DM us and let us know. https://t.co/GDrqU22YpT","","pending","",""
"gold_029","292926","conv_AppleSupport_292926","@115858 sort your shit out!!! I’m switching to Samsung if my phone doesn’t stop going slower than a turtle 😡😡😡🐢","<USER> sort your shit out!!! I’m switching to Samsung if my phone doesn’t stop going slower than a turtle 😡😡😡🐢","general_device_support",2,"@185760 We understand how important the performance of your iPhone is. We want to help! Send us a DM and we'll look into this. https://t.co/GDrqU22YpT","","pending","",""
"gold_030","1522626","conv_AppleSupport_1522626","What’s wrong with the battery? 😩😩 literally killing me. It goes from 20% to 10% in just few minutes
@AppleSupport #iOS11.1 @115858","What’s wrong with the battery? 😩😩 literally killing me. It goes from 20% to 10% in just few minutes <USER> #iOS11.1 <USER>","battery_power_issue",1,"@473144 We know how important battery life is. DM us using the link below and we'll look into this with you. https://t.co/GDrqU22YpT","","pending","",""
"gold_031","1897967","conv_AppleSupport_1897967","@AppleSupport @115858 iOS 11 is a glitched out mess. Not the quality I expect from Apple.","<USER> <USER> iOS 11 is a glitched out mess. Not the quality I expect from Apple.","software_update_problem",3,"@565666 Are you experiencing an issue on your device running iOS 11? If so, DM us more information. We're here to help. https://t.co/GDrqU22YpT","","pending","",""
"gold_032","2523471","conv_AppleSupport_2523471","@115858 what are you doing to the letter I pls help","<USER> what are you doing to the letter I pls help","keyboard_typing_issue",0,"@718632 Thanks for reaching out. So we can provide you with the best information, can you let us know what issues you're experiencing?","","pending","",""
"gold_033","235842","conv_AppleSupport_235842","@AppleSupport hi! Is this an official apple email? If so, I didn’t buy anything that’s on this receipt! 😱😱 https://t.co/hzlwX5xX87","<USER> hi! Is this an official apple email? If so, I didn’t buy anything that’s on this receipt! 😱😱 <URL>","billing_purchase_issue",4,"@172176 We'd love to look into this with you. Please join us in DM so we can review some information. https://t.co/GDrqU22YpT","","pending","",""
"gold_034","2711852","conv_AppleSupport_2711852","my laptop says 6:40 but my PHONE says 7:40 and is not changing or letting me send tweets snaps texts etc! I thought i was crazy not knowing the time LOL. I tried resetting many times. HELP !!!!!!! @AppleSupport WHat even is this","my laptop says 6:40 but my PHONE says 7:40 and is not changing or letting me send tweets snaps texts etc! I thought i was crazy not knowing the time LOL. I tried resetting many times. HELP !!!!!!! <USER> WHat even is this","general_device_support",2,"@761382 We know how important it is to have the correct time on your phone. Let's see what we can do to get down to the bottom of this with you. Follow the steps in this article: https://t.co/LrZacC2tay Let us know if it works in DM. https://t.co/GDrqU22YpT","","pending","",""
"gold_035","1517047","conv_AppleSupport_1517047","Fix this update @AppleSupport @115858 why can’t I️ type the letter “I️” why the hell are these special characters in my predictive text?!?","Fix this update <USER> <USER> why can’t I️ type the letter “I️” why the hell are these special characters in my predictive text?!?","keyboard_typing_issue",0,"@471972 Hey there! We'd like to assist, shoot us a DM when you get a chance. https://t.co/GDrqU22YpT","","pending","",""
"gold_036","2307265","conv_AppleSupport_2307265","@AppleSupport do I need to select a payment for Apple ID? My son will buy stuff and I don’t want that to happen like last time Can I just not I have to use credit card or PayPal","<USER> do I need to select a payment for Apple ID? My son will buy stuff and I don’t want that to happen like last time Can I just not I have to use credit card or PayPal","account_access_issue",4,"@669328 We'd like to help. You can setup your Apple ID to have no payment information listed as outlined here: https://t.co/Y0YoIRcZa7","","pending","",""
"gold_037","2128118","conv_AppleSupport_2128118","See this is the bullshit I’m talking @115858 your stupid iPhone isn’t working https://t.co/UhgeAIyEMz","See this is the bullshit I’m talking <USER> your stupid iPhone isn’t working <URL>","general_device_support",2,"@388596 Here’s what you can do to work around the issue until it’s fixed in a future software update: https://t.co/xXaXeeSRt9","","pending","",""
"gold_038","691227","conv_AppleSupport_691227","I just can't ever buy an @AppleSupport iPhone again. My screen broke and put glass in 3 places on my hand. Flimsiest screen on any phone!","I just can't ever buy an <USER> iPhone again. My screen broke and put glass in 3 places on my hand. Flimsiest screen on any phone!","display_touch_issue",2,"@285175 We want to collect more information on this matter. Please DM us. https://t.co/GDrqU22YpT","","pending","",""
"gold_039","2527031","conv_AppleSupport_2527031","@AppleSupport get your shiz together this “I️” this is really killing me","<USER> get your shiz together this “I️” this is really killing me","general_device_support",0,"@719530 We'd be happy to help with this. Could you please send us a DM with what iOS version you're running so we can take a look? https://t.co/GDrqU22YpT","","pending","",""
"gold_040","695319","conv_AppleSupport_695319","Dear @115858 
Please fix all your fucking issues with iOS 11. I’m sick and tired of all these bugs. 🙃","Dear <USER> Please fix all your fucking issues with iOS 11. I’m sick and tired of all these bugs. 🙃","software_update_problem",3,"@285834 Reach out to us via DM and let us know what you've been experiencing, as well as the type of iPhone you have, then we can work together to get this resolved. https://t.co/GDrqU22YpT","","pending","",""
"gold_041","706150","conv_AppleSupport_706150","@AppleSupport thank u for a great chat and purchase experience","<USER> thank u for a great chat and purchase experience","billing_purchase_issue",7,"@288241 We're glad to hear you found the case you were looking for! If there's anything else we can help with, don't hesitate to reach out.","","pending","",""
"gold_042","523817","conv_AppleSupport_523817","@AppleSupport Any reason why apps get unchecked in Accessibility within Security and Privacy. macOS High Sierra 10.13.1 (17B1003)","<USER> Any reason why apps get unchecked in Accessibility within Security and Privacy. macOS High Sierra 10.13.1 (17B1003)","mac_software_issue",5,"@241072 We'd be happy to review this for you. Please DM us additional details and we'll go from there. https://t.co/GDrqU2kzhr","","pending","",""
"gold_043","2065762","conv_AppleSupport_2065762","Thanks iOS 11 for fucking up my phones battery life.  100% to 7% in half an hour @AppleSupport","Thanks iOS 11 for fucking up my phones battery life. 100% to 7% in half an hour <USER>","battery_power_issue",1,"@610893 We want to look into this battery issue with you. DM us using the link below, we'll work from there. https://t.co/GDrqU22YpT","","pending","",""
"gold_044","2971326","conv_AppleSupport_2971326","does my volume keep on turning off??? @115858 fix ur damn software","does my volume keep on turning off??? <USER> fix ur damn software","hardware_audio_connection_issue",5,"@819575 Let's look into this. Have you updated to iOS 11.1.2? https://t.co/80YRnjDFDk Be sure to create a backup if you haven't yet. Also, does this happen with headphones, the iPhone speaker, or both?","","pending","",""
"gold_045","1162142","conv_AppleSupport_1162142","@AppleSupport why can’t I use a vpn on safari after the most recent update? I have 2 take it off to use it????","<USER> why can’t I use a vpn on safari after the most recent update? I have 2 take it off to use it????","software_update_problem",5,"@254308 We'd like to help! Send us a DM with the country that you are located in to continue. https://t.co/GDrqU22YpT","","pending","",""
"gold_046","1977499","conv_AppleSupport_1977499","@115858 @AppleSupport the music app is not producing sound. The other apps produce sound. Can play music but no sound comes out. Help. Thx.","<USER> <USER> the music app is not producing sound. The other apps produce sound. Can play music but no sound comes out. Help. Thx.","hardware_audio_connection_issue",5,"@585588 We know your music is important, and want to get this working for you. DM us with details about when this started happening. https://t.co/GDrqU22YpT","","pending","",""
"gold_047","2152136","conv_AppleSupport_2152136","@AppleSupport photos not syncing properly between OSX high Sierra and iOS.  Same problem in several versions  d was hoping would get fixed. Say an album with 172 pics but only 33 transfer.  Have rebuilt library. Wiped iPhone. Closed and reopened apps. Reset devices. Etc.","<USER> photos not syncing properly between OSX high Sierra and iOS. Same problem in several versions d was hoping would get fixed. Say an album with 172 pics but only 33 transfer. Have rebuilt library. Wiped iPhone. Closed and reopened apps. Reset devices. Etc.","mac_software_issue",5,"@400572 Let's take a look into this with you. Send us a DM letting us know which country you live in, and we'll work from there: https://t.co/GDrqU22YpT","","pending","",""
"gold_048","1001134","conv_AppleSupport_1001134","@115858 if my screen say poor connection does that mean my wifi is messed up or theres? cause i tired of having this argument erry night 😭💯","<USER> if my screen say poor connection does that mean my wifi is messed up or theres? cause i tired of having this argument erry night 😭💯","display_touch_issue",5,"@357012 Thanks for reaching out. We're here to help. DM us so we can look into this further with you. https://t.co/GDrqU22YpT","","pending","",""
"gold_049","537656","conv_AppleSupport_537656","@AppleSupport when will the MacOS Twitter app support the larger character count?","<USER> when will the MacOS Twitter app support the larger character count?","mac_software_issue",7,"@164460 We can help get this checked out with you. Just to be on the same page, are you referring to the Twitter app available through the Mac App Store?","","pending","",""
"gold_050","2977194","conv_AppleSupport_2977194","@AppleSupport Looking for some help. Upgraded phone and now cannot turn Bluetooth on/off. Therefore can’t pair watch/upgrade watch. Watch is now rendered useless.","<USER> Looking for some help. Upgraded phone and now cannot turn Bluetooth on/off. Therefore can’t pair watch/upgrade watch. Watch is now rendered useless.","hardware_audio_connection_issue",2,"@821076 Thanks for reaching out.  We know how important it is for Bluetooth to work as expected and we'll do everything we can to assist.  Are you trying to turn Bluetooth on and off from Settings or within Control Center?  Let us know in DM. https://t.co/GDrqU22YpT","","pending","",""
"gold_051","2558661","conv_AppleSupport_2558661","@AppleSupport the amount of time I’m being asked to repeatedly sign in to my Apple ID/iCloud on my iPhone seems really abnormal. I’ve also had some really bad iCloud bugs lately. Can you help resolve?","<USER> the amount of time I’m being asked to repeatedly sign in to my Apple ID/iCloud on my iPhone seems really abnormal. I’ve also had some really bad iCloud bugs lately. Can you help resolve?","account_access_issue",4,"@572037 Let's take a look into this together. Send us a DM with details of the issues you're noting and when they started. We'll meet you there. https://t.co/GDrqU22YpT","","pending","",""
"gold_052","2177244","conv_AppleSupport_2177244","@AppleSupport 👋, What is the best antivirus for MacBook Pro ?","<USER> 👋, What is the best antivirus for MacBook Pro ?","mac_software_issue",5,"@284940 Macs are very well protected against malicious software. This link discusses the technologies built into macOS: https://t.co/xYnOFEGYBg you experiencing an issue with your MacBook Pro?","","pending","",""
"gold_053","690734","conv_AppleSupport_690734","@AppleSupport what’s up with the ridiculously fast battery drain on the new iOS!?! Help us out!!","<USER> what’s up with the ridiculously fast battery drain on the new iOS!?! Help us out!!","battery_power_issue",1,"@285037 Let's look into that. Send us a DM and we'll go from there. https://t.co/GDrqU22YpT","","pending","",""
"gold_054","1659045","conv_AppleSupport_1659045","@115858 is pissing me off! Whenever EYE try to use that letter that comes after H.... this is what happens. 👉🏼 I️ ..... 😡 WHAT THE FUCK???","<USER> is pissing me off! Whenever EYE try to use that letter that comes after H.... this is what happens. 👉🏼 I️ ..... 😡 WHAT THE FUCK???","general_device_support",0,"@506164 Thanks for reaching out. We have a workaround for this here: https://t.co/qODbOsGFo7 DM us if you still need help.","","pending","",""
"gold_055","428370","conv_AppleSupport_428370","@AppleSupport @115858 what have you done to my phone, it is possessed by an IT Satan #iosupdatefail","<USER> <USER> what have you done to my phone, it is possessed by an IT Satan #iosupdatefail","general_device_support",2,"@216887 We're here to help. To start, can you describe the issue(s) you're experiencing and what device you're using?","","pending","",""
"gold_056","1327430","conv_AppleSupport_1327430","Und ich dachte mein MacBook bleibt frei von irgendwelchen Problemen.😑

Liebes @AppleSupport Team, my right speaker made weird sounds once and now the overall volume is lower than the other + there are no more heights in the sound itself anymore. Is it a known problem?","Und ich dachte mein MacBook bleibt frei von irgendwelchen Problemen.😑 Liebes <USER> Team, my right speaker made weird sounds once and now the overall volume is lower than the other + there are no more heights in the sound itself anymore. Is it a known problem?","mac_software_issue",5,"@429709 Hello there! We definitely want to make sure we can provide all the support needed to help find a resolution. We'd like to make sure your MacBook speakers are working as expected. Let us know if the steps in the article help: https://t.co/P3L0yCnGzV","","pending","",""
"gold_057","1786534","conv_AppleSupport_1786534","@115858  Updates cause many problems. E.g., I have ""lock sound"" on but it won't make the sound. Ringtone won't work so now I'm missing calls.","<USER> Updates cause many problems. E.g., I have ""lock sound"" on but it won't make the sound. Ringtone won't work so now I'm missing calls.","hardware_audio_connection_issue",6,"@536734 We'll be happy to work with you to get things working as expected. Can you DM us the exact version of iOS you are running? https://t.co/GDrqU22YpT","","pending","",""
"gold_058","109050","conv_AppleSupport_109050","@AppleSupport Do I have to buy an iPhone 8 directly from Apple to be eligible for AppleCare+ or can I buy the phone separately and add AC+ afterwards, as long as it's within 60 days of my purchase?","<USER> Do I have to buy an iPhone 8 directly from Apple to be eligible for AppleCare+ or can I buy the phone separately and add AC+ afterwards, as long as it's within 60 days of my purchase?","billing_purchase_issue",4,"@140204 That's a great question! No, you don't have to buy your iPhone directly from us. Please take a look at the following article for some guidance on purchasing an AppleCare plan for your device: https://t.co/brpZQUaYqu","","pending","",""
"gold_059","2618295","conv_AppleSupport_2618295","@AppleSupport hi, our company has 2 x iPhone 8 pluses &amp; the camera flash doesn’t work on either. Torch is ok but no flash. Solution??","<USER> hi, our company has 2 x iPhone 8 pluses &amp; the camera flash doesn’t work on either. Torch is ok but no flash. Solution??","general_device_support",2,"@739937 We're glad to assist on this. What iOS version is running on both devices? Is the flash disabled in the Camera app? Were both of them set up via a common backup?","","pending","",""
"gold_060","1619367","conv_AppleSupport_1619367","@AppleSupport hey dudes everytime i️ type the letter ""i️"" a weird symbol comes up. what's up w that","<USER> hey dudes everytime i️ type the letter ""i️"" a weird symbol comes up. what's up w that","keyboard_typing_issue",0,"@496410 We've seen the issue you're talking about and we have a workaround for it: https://t.co/xXaXeeSRt9 Did that help?","","pending","",""
"gold_061","1547547","conv_AppleSupport_1547547","@AppleSupport I don’t want to have to manually lower the volume","<USER> I don’t want to have to manually lower the volume","hardware_audio_connection_issue",7,"@479138 The buttons control the volume for the ringer, and alerts, except when you’re listening to songs, movies, or other media. https://t.co/GDrqU22YpT","","pending","",""
"gold_062","1040150","conv_AppleSupport_1040150","That “awesome” attention to detail &amp; quality control we all love Cook’s @115858 for, still glaringly obvious in latest #ios update. https://t.co/7BMkreYDMs","That “awesome” attention to detail &amp; quality control we all love Cook’s <USER> for, still glaringly obvious in latest #ios update. <URL>","software_update_problem",3,"@366085 We're here to help. What's the issue that you're having on your iPad? Once you search, are you unable to scroll down the list?","","pending","",""
"gold_063","686566","conv_AppleSupport_686566","@AppleSupport App Store not working for me either","<USER> App Store not working for me either","billing_purchase_issue",5,"@283921 We can help. What happens when you try using your App Store?","","pending","",""
"gold_064","2118348","conv_AppleSupport_2118348","@AppleSupport please fix this letter “eye” problem!! I️ paid all this money for this phone &amp; I’m still seeing blocks!","<USER> please fix this letter “eye” problem!! I️ paid all this money for this phone &amp; I’m still seeing blocks!","billing_purchase_issue",2,"@624297 Here’s what you can do to work around the issue until it’s fixed in a future software update: https://t.co/xXaXeeSRt9","","pending","",""
"gold_065","2972519","conv_AppleSupport_2972519","After so many battery problems on my iPad after #ios11, @115858 is losing a customer. Off to buy a @1647 Tab.","After so many battery problems on my iPad after #ios11, <USER> is losing a customer. Off to buy a <USER> Tab.","software_update_problem",3,"@819848 If you're running into issues with the battery on your iPad, we'd like to help you out. Please tell us the exact issue(s) your experiencing. Also, please let us know what version of the iOS software you currently have installed. https://t.co/GDrqU22YpT","","pending","",""
"gold_066","2013092","conv_AppleSupport_2013092","is anyone else’s shit doing this tooo????? https://t.co/AFkraDlPBP","is anyone else’s shit doing this tooo????? <URL>","general_device_support",7,"@595248 We've got an article that can help with this issue: https://t.co/xXaXeeSRt9

Let us know via DM if it continues to happen. https://t.co/GDrqU22YpT","","pending","",""
"gold_067","1642576","conv_AppleSupport_1642576","Hey @115858 I️ need you to fix this.","Hey <USER> I️ need you to fix this.","general_device_support",0,"@502080 Here’s what you can do to work around the issue until it’s fixed in a future software update: https://t.co/xXaXeeSRt9","","pending","",""
"gold_068","666271","conv_AppleSupport_666271","Screen recording is actually useless does anyone have problems with it? @AppleSupport","Screen recording is actually useless does anyone have problems with it? <USER>","display_touch_issue",5,"@278732 Screen recording is a great feature that we want you to take full advantage of. What's going on with it? Which device are we using?","","pending","",""
"gold_069","1813849","conv_AppleSupport_1813849","@115858 Great products absolutely awful charging leads, am I alone in thinking this ? &amp; they've all been purchased from #Apple 😤","<USER> Great products absolutely awful charging leads, am I alone in thinking this ? &amp; they've all been purchased from #Apple 😤","billing_purchase_issue",4,"@544910 The included accessories have the same warranty as the device. Please DM us with your country, and we'll start. https://t.co/GDrqU22YpT","","pending","",""
"gold_070","1362538","conv_AppleSupport_1362538","@115858 @AppleSupport  is this page ok?! I’m locked out my account! https://t.co/uaZcXh6eF3","<USER> <USER> is this page ok?! I’m locked out my account! <URL>","account_access_issue",7,"@437253  We'd love to help identify this. Could you let us know the full link of this? Send us a DM. https://t.co/GDrqU22YpT","","pending","",""
"gold_071","1299008","conv_AppleSupport_1299008","@AppleSupport So frustrating setting up an appt to come in - signed in w/ login info, can't move on w/o a 2factor authentification","<USER> So frustrating setting up an appt to come in - signed in w/ login info, can't move on w/o a 2factor authentification","account_access_issue",5,"@423589 We'll be glad to look into this with you. Please let us know what's going on in a DM. https://t.co/GDrqU22YpT","","pending","",""
"gold_072","1991163","conv_AppleSupport_1991163","@AppleSupport @115858 pleaseeeee fix this! This is annoying me when I type “I️” https://t.co/51p93jnP3m","<USER> <USER> pleaseeeee fix this! This is annoying me when I type “I️” <URL>","keyboard_typing_issue",0,"@589290 We're happy to look into this with you! Join us in DM with the iOS version currently installed on your device to get started. https://t.co/GDrqU22YpT","","pending","",""
"gold_073","2439714","conv_AppleSupport_2439714","@AppleSupport how much is it for an iPhone 7 glass screen? Struggling to find anything and I’m not wanting to book in the repair. Had this modern phone two weeks and it’s shattered off one little fall.  😔 #disappointed","<USER> how much is it for an iPhone 7 glass screen? Struggling to find anything and I’m not wanting to book in the repair. Had this modern phone two weeks and it’s shattered off one little fall. 😔 #disappointed","display_touch_issue",2,"@699748 We'd be glad to look into this for you.  Please DM us with what country you reside in and we can get that information for you. https://t.co/GDrqU22YpT","","pending","",""
"gold_074","641914","conv_AppleSupport_641914","@AppleSupport laptop keeps shutting down during startup, tried a bunch of resets but nothing's working PLS HELP.","<USER> laptop keeps shutting down during startup, tried a bunch of resets but nothing's working PLS HELP.","battery_power_issue",5,"@272334 We'd be happy to look into this with you.  Let us know in DM the type of laptop you have and the resets you've tried and we'll continue from there. https://t.co/GDrqU22YpT","","pending","",""
"gold_075","852952","conv_AppleSupport_852952","@AppleSupport my app store’s not working :(","<USER> my app store’s not working :(","billing_purchase_issue",4,"@322620 Can you please provide more details so that we have a better understanding of what's going on? What steps have you tried?","","pending","",""
"gold_076","2406683","conv_AppleSupport_2406683","@AppleSupport Battery Is Draining Too Much And Phone Is Heating While Using Siri","<USER> Battery Is Draining Too Much And Phone Is Heating While Using Siri","battery_power_issue",1,"@692143 We're very happy to look into your battery with you. Please let us know which version of iOS 11 is installed on the affected iPhone. If the version is not iOS 11.1.1, please follow these instructions to update it: https://t.co/oKZOdSPLR1","","pending","",""
"gold_077","2686620","conv_AppleSupport_2686620","My phone starting to take fucking forever to charge @115858 what’s good","My phone starting to take fucking forever to charge <USER> what’s good","battery_power_issue",2,"@586731 Let's look into this charging issue together. Which iPhone do you have? Are you using the original USB cable and power adapter to charge? How long have you been experiencing this? https://t.co/GDrqU22YpT","","pending","",""
"gold_078","2926508","conv_AppleSupport_2926508","i filmed a vlog but i cant edit it bc my imovie and app store are messed up, y u do this @115858 #help","i filmed a vlog but i cant edit it bc my imovie and app store are messed up, y u do this <USER> #help","billing_purchase_issue",5,"@809700 Let's take a look at this together in DM. https://t.co/GDrqU22YpT","","pending","",""
"gold_079","2793167","conv_AppleSupport_2793167","@AppleSupport What have you guys done with High Sierra? It has completely bugged out a bunch of programs?! Go back! :) Just needing some help. Thanks","<USER> What have you guys done with High Sierra? It has completely bugged out a bunch of programs?! Go back! :) Just needing some help. Thanks","mac_software_issue",5,"@779492 Thanks for reaching out. We're here to help. DM us so we can look into this further with you. https://t.co/GDrqU22YpT","","pending","",""
"gold_080","45573","conv_AppleSupport_45573","@115858 Why does the new update keep turning off and on my phone? Wasn’t happening till I got new update. Please tell me what’s wrong","<USER> Why does the new update keep turning off and on my phone? Wasn’t happening till I got new update. Please tell me what’s wrong","software_update_problem",6,"@126090 Thanks for reaching out to us for support. Can you please tell us which version of iOS you are currently running?","","pending","",""
"gold_081","1062223","conv_AppleSupport_1062223","Is it seriously ₹25,000 to replace screen on iPhones in India @115858","Is it seriously ₹25,000 to replace screen on iPhones in India <USER>","display_touch_issue",2,"@370804 Thanks for reaching out. Send us a DM and we'll go over your options there. https://t.co/GDrqU22YpT","","pending","",""
"gold_082","2417474","conv_AppleSupport_2417474","@AppleSupport ever since the new update my i7 has been EXTREMELY laggy, when I type the keyboard lags and opening or switching apps, everything lags. Please fix this in a new patch. 
I’m also seeing the question mark box on twitter.","<USER> ever since the new update my i7 has been EXTREMELY laggy, when I type the keyboard lags and opening or switching apps, everything lags. Please fix this in a new patch. I’m also seeing the question mark box on twitter.","software_update_problem",6,"@266772 We'd be happy to help. Send us a DM with a few details. https://t.co/GDrqU22YpT","","pending","",""
"gold_083","352636","conv_AppleSupport_352636","@115858 my charger broke","<USER> my charger broke","battery_power_issue",2,"@199850 Thanks for reaching out. DM exactly what broke in regards to your charger so we can help. https://t.co/GDrqU22YpT","","pending","",""
"gold_084","2730421","conv_AppleSupport_2730421","Formated and reinstalled MacOS High Sierra by Genius Bar member at Apple Shop but still problem of random key stopped working remains. It's time for Apple to acknowledge issue @AppleSupport even Google search shows many r facing same issue. No solution yet!","Formated and reinstalled MacOS High Sierra by Genius Bar member at Apple Shop but still problem of random key stopped working remains. It's time for Apple to acknowledge issue <USER> even Google search shows many r facing same issue. No solution yet!","mac_software_issue",5,"@765490 We want to help. DM us and we'll continue there. https://t.co/GDrqU22YpT","","pending","",""
"gold_085","1762070","conv_AppleSupport_1762070","why does WiFi turn on by itself when I turn it off manually it’s annoying @AppleSupport","why does WiFi turn on by itself when I turn it off manually it’s annoying <USER>","hardware_audio_connection_issue",5,"@495883 That's a great question! iOS 11 did change how Wi-Fi and Bluetooth controls work. Check out this link. https://t.co/G7BHuQnDS6","","pending","",""
"gold_086","2593221","conv_AppleSupport_2593221","@AppleSupport my MacBook Air has the dreaded spinning beach ball. Help please.","<USER> my MacBook Air has the dreaded spinning beach ball. Help please.","mac_software_issue",5,"@734392 Thanks for reaching out. We'd like to help. Are you able to force quit the app this issue occurred in? This article has the steps to help: https://t.co/W0vgF3uI0f Let us know and we'll continue to assist.","","pending","",""
"gold_087","617175","conv_AppleSupport_617175","@115858 bought a MacBook Pro 6 weeks ago. It was faulty straight out of the box. Just had it exchanged and the new one is also faulty. Shit","<USER> bought a MacBook Pro 6 weeks ago. It was faulty straight out of the box. Just had it exchanged and the new one is also faulty. Shit","mac_software_issue",5,"@266430 That's certainly not the experience we want you to have when purchasing any of our Apple devices. Please send us a DM and tell us what's going on with the MacBook Pro so we can look into this further. https://t.co/GDrqU22YpT","","pending","",""
"gold_088","2420774","conv_AppleSupport_2420774","@AppleSupport my  2 iPhones  will not connect to the internet via WiFi yet my iPad will??","<USER> my 2 iPhones will not connect to the internet via WiFi yet my iPad will??","hardware_audio_connection_issue",4,"@695383 Let's look into this together. What happens when you attempt to connect to Wi-Fi? How long have you been experiencing it?","","pending","",""
"gold_089","668546","conv_AppleSupport_668546","@115858 why the fuck is my wifi on AGAIN ?","<USER> why the fuck is my wifi on AGAIN ?","hardware_audio_connection_issue",5,"@279408  Did you turn off your Wi-Fi using the Settings app or the Control Center? DM us and let us know. https://t.co/GDrqU22YpT","","pending","",""
"gold_090","1276376","conv_AppleSupport_1276376","@115858 @AppleSupport @34173 11 charger sucks 12 hours does not last iphone 7","<USER> <USER> <USER> 11 charger sucks 12 hours does not last iphone 7","battery_power_issue",1,"@418765 Let's help improve that performance. Check out the recommendations shown here: https://t.co/bivpdfBNJ6 and keep us posted.","","pending","",""
"gold_091","2595487","conv_AppleSupport_2595487","The new iPhone update is making the Bluetooth in my car glitch. @115858  gimme my coins","The new iPhone update is making the Bluetooth in my car glitch. <USER> gimme my coins","hardware_audio_connection_issue",2,"@734916 Thanks for reaching out to us for support. We would love to help you. Please DM us so that we can look into this together. https://t.co/GDrqU22YpT","","pending","",""
"gold_092","958885","conv_AppleSupport_958885","@AppleSupport my iPhone 7 keeps overheating. Moreso when it’s charging! What on Earth is going on?","<USER> my iPhone 7 keeps overheating. Moreso when it’s charging! What on Earth is going on?","battery_power_issue",2,"@280467 We're here for you. When you use the device or charge the battery, the device might get warm. https://t.co/otCvUAaFQq","","pending","",""
"gold_093","2676549","conv_AppleSupport_2676549","Out of the blue my 2016 MacBook won’t turn on and this is really an unexpected roadblock @115858","Out of the blue my 2016 MacBook won’t turn on and this is really an unexpected roadblock <USER>","mac_software_issue",5,"@753324 We're here for you. Send us a DM and we'll get started there. https://t.co/GDrqU22YpT","","pending","",""
"gold_094","2040486","conv_AppleSupport_2040486","@AppleSupport I got a new e-mail address a long time ago, and i have never been able to change it for to my Apple id","<USER> I got a new e-mail address a long time ago, and i have never been able to change it for to my Apple id","account_access_issue",4,"@140191 We'd be happy to look into this with you more in detail.  Please reach out to us via DM and we'll get started. https://t.co/GDrqU22YpT","","pending","",""
"gold_095","2343723","conv_AppleSupport_2343723","@AppleSupport why is my iphone activation locked to someone else’s email address when I purchased the phone from new from one of your stores?
Was it used when I bought it as new? And why do I have to wait 48 hours for it to be unlocked? @194772","<USER> why is my iphone activation locked to someone else’s email address when I purchased the phone from new from one of your stores? Was it used when I bought it as new? And why do I have to wait 48 hours for it to be unlocked? <USER>","account_access_issue",4,"@677831 That is certainly not the experience that we wanted you to have with your Apple ID, and we are going to do everything we can to help you. When you have a free moment, please contact our Apple ID account specialists here for support: https://t.co/UJm15vmMM2","","pending","",""
"gold_096","1671967","conv_AppleSupport_1671967","@AppleSupport please explain this “A ?” coming up instead of the letter I. Fix it. Thanks.","<USER> please explain this “A ?” coming up instead of the letter I. Fix it. Thanks.","keyboard_typing_issue",0,"@508892 Here’s what you can do to work around the issue until it’s fixed in a future software update: https://t.co/xXaXeeSRt9","","pending","",""
"gold_097","2850886","conv_AppleSupport_2850886","My phone is malfunctioning. My texts are coming in, but I’m not getting the notification and it’s going to the bottom of my messages @AppleSupport","My phone is malfunctioning. My texts are coming in, but I’m not getting the notification and it’s going to the bottom of my messages <USER>","general_device_support",2,"@792704 That's not expected behavior. We know how important it is to be notified when you receive a message. Let's see what we can do to get you a resolution. Let us know in DM if restarting your device helps. Also, let us know what iOS you are running. https://t.co/GDrqU22YpT","","pending","",""
"gold_098","2151195","conv_AppleSupport_2151195","@AppleSupport Hey! What does this mean? It's a new screen for me. https://t.co/0w1NPRJpJc","<USER> Hey! What does this mean? It's a new screen for me. <URL>","display_touch_issue",7,"@632203 We'd love to look into this with you. Are you restoring your iPhone from a back up? Click here and let us know in DM: https://t.co/GDrqU22YpT","","pending","",""
"gold_099","869926","conv_AppleSupport_869926","@AppleSupport help i forgot my restrictions passcode","<USER> help i forgot my restrictions passcode","account_access_issue",7,"@326565 We've got some great steps to help with this issue. You can find these at the bottom of this article: https://t.co/ZOXnGWrbMf","","pending","",""
"gold_100","245243","conv_AppleSupport_245243","Yo how do you turn off auto brightness with this stupid ass update???? @115858","Yo how do you turn off auto brightness with this stupid ass update???? <USER>","software_update_problem",5,"@174222 We've got steps for that here: https://t.co/bkqEVCrK2l Let us know if you have questions in DM. https://t.co/GDrqU22YpT","","pending","",""
"gold_101","447411","conv_AppleSupport_447411","@AppleSupport recently upgraded ‘my media manager’ app by Mo Wellin &amp; can no longer access with password as app has completely changed. There are many important photos that I’m hoping are not lost. Have emailed the app maker. #helpplease","<USER> recently upgraded ‘my media manager’ app by Mo Wellin &amp; can no longer access with password as app has completely changed. There are many important photos that I’m hoping are not lost. Have emailed the app maker. #helpplease","account_access_issue",5,"@220970 Which device is this app for? Were these photos taken from your device? If so, have you checked https://t.co/tmRhWEkIq4 from a computer, to see if they are there?","","pending","",""
"gold_102","2495499","conv_AppleSupport_2495499","Can @115948 or @115858 please fix the music app ...ever since the update .. I can’t pause music without going to app🙄 #sos","Can <USER> or <USER> please fix the music app ...ever since the update .. I can’t pause music without going to app🙄 #sos","software_update_problem",5,"@712218 Let's take a look together. Can you send us a screenshot of what you're seeing?","","pending","",""
"gold_103","2285339","conv_AppleSupport_2285339","@AppleSupport so my iPhone crashes touch seems to stop working altho I can access wifi menu etc Ask apple the issue they tell me my phone screen needs replaced - get new phone and same issue happens is this a problem with iOS or the 8?","<USER> so my iPhone crashes touch seems to stop working altho I can access wifi menu etc Ask apple the issue they tell me my phone screen needs replaced - get new phone and same issue happens is this a problem with iOS or the 8?","display_touch_issue",2,"@664100 Let's take a closer look at this issue together. Please DM us about this and we'll get started. https://t.co/GDrqU22YpT","","pending","",""
"gold_104","435818","conv_AppleSupport_435818","@AppleSupport why aren’t my apps downloading??? I’ve tried with and without WiFi...","<USER> why aren’t my apps downloading??? I’ve tried with and without WiFi...","hardware_audio_connection_issue",5,"@218522 Let's work on getting your apps downloaded. What happens when you try to install an app? Is there an error message?","","pending","",""
"gold_105","2818829","conv_AppleSupport_2818829","@AppleSupport hey guys just curious - why aren’t iOS app updates automatic? Seems pretty clear here, no? Yet I manually have to check and click Update All daily... https://t.co/jFgs9KRl9U","<USER> hey guys just curious - why aren’t iOS app updates automatic? Seems pretty clear here, no? Yet I manually have to check and click Update All daily... <URL>","software_update_problem",6,"@375691 We can see why the updates aren't pushed automatically. Does iOS 11.1.1 show in Settings &gt; General &gt; About? Does this occur with specific apps? Are you constantly connected to a Wi-Fi network? Let us know in DM. https://t.co/GDrqU22YpT","","pending","",""
"gold_106","1673607","conv_AppleSupport_1673607","@AppleSupport i can’t turn on my WiFi on my iPhone 7","<USER> i can’t turn on my WiFi on my iPhone 7","hardware_audio_connection_issue",2,"@509268 We'll be glad to assist. Is Wi-Fi grayed out in the settings? Are you getting an error message?","","pending","",""
"gold_107","1834648","conv_AppleSupport_1834648","@AppleSupport Come on @115858 can’t believe all the issues with .3! Drops WiFi and BT randomly, Battery life sucks &amp; locks up landscape! 7+","<USER> Come on <USER> can’t believe all the issues with .3! Drops WiFi and BT randomly, Battery life sucks &amp; locks up landscape! 7+","battery_power_issue",1,"@550261 We'd like to look into these issues with you. Let us know when you installed this last update via DM. We'll go from there. https://t.co/GDrqU22YpT","","pending","",""
"gold_108","2964142","conv_AppleSupport_2964142","@AppleSupport Just wondering two things:

1 - Why are movies that I *DIDN’T* purchase showing up in my iTunes?

2 - Why do I now have duplicates of movies that I *DID* purchase?

Please help.","<USER> Just wondering two things: 1 - Why are movies that I *DIDN’T* purchase showing up in my iTunes? 2 - Why do I now have duplicates of movies that I *DID* purchase? Please help.","billing_purchase_issue",4,"@817853 Thanks for reaching out. We'd be happy to help. Which device are you seeing these duplicates and movies you haven't purchased?","","pending","",""
"gold_109","1912932","conv_AppleSupport_1912932","Can’t turn off WiFi from control center? New @115858 iOS is garbage. Who knows how to roll back to the good one?","Can’t turn off WiFi from control center? New <USER> iOS is garbage. Who knows how to roll back to the good one?","hardware_audio_connection_issue",3,"@569808 We can assist you. The following guide details how Wi-Fi and Bluetooth function with Control Center: https://t.co/G7BHuQnDS6","","pending","",""
"gold_110","2925617","conv_AppleSupport_2925617","Dear @AppleSupport need help with Apple ID....again.","Dear <USER> need help with Apple ID....again.","account_access_issue",4,"@549555 Let's look into this for you. What are you experiencing with your Apple ID? Let us know in DM. https://t.co/GDrqU22YpT","","pending","",""
"gold_111","2758228","conv_AppleSupport_2758228","Dear @115858 this is so stupid.  I am in my house and my own wifi won’t connect.     It says I put in the wrong password.  It should automatically connect anyways.  Frig.  @AppleSupport https://t.co/AqzUMsVN8H","Dear <USER> this is so stupid. I am in my house and my own wifi won’t connect. It says I put in the wrong password. It should automatically connect anyways. Frig. <USER> <URL>","account_access_issue",5,"@771857 We'd like to help with your Wi-Fi! Please send us a DM, and we'll continue there. https://t.co/GDrqU22YpT","","pending","",""
"gold_112","1640209","conv_AppleSupport_1640209","@AppleSupport if I want to trade in my iPhone which still has AppleCare+ can I get a refund for that or do I have to just give it up?","<USER> if I want to trade in my iPhone which still has AppleCare+ can I get a refund for that or do I have to just give it up?","billing_purchase_issue",4,"@161626 Thanks for reaching out. This article has more details on requesting a refund: https://t.co/ep4XDv2ien","","pending","",""
"gold_113","851231","conv_AppleSupport_851231","@AppleSupport my phone has been charging for 3.5 HOURS and Is only at 19% WHAT IS GOING ON","<USER> my phone has been charging for 3.5 HOURS and Is only at 19% WHAT IS GOING ON","battery_power_issue",2,"@322212 We want you to be able to fully charge your iPhone, Have you tried to restart it since this started to occur?","","pending","",""
"gold_114","1175528","conv_AppleSupport_1175528","@AppleSupport my new MacBook is not allowing my £90 dongle to work it says this usb disabled can u help me please ? https://t.co/z7MZ1EbCAn","<USER> my new MacBook is not allowing my £90 dongle to work it says this usb disabled can u help me please ? <URL>","mac_software_issue",5,"@396525 We'd be happy to assist with your Mac today. Send us a DM to get started. https://t.co/GDrqU22YpT","","pending","",""
"gold_115","2019453","conv_AppleSupport_2019453","@AppleSupport Please for heaven sake, since newest update the voice to text is horrible and texting is horrible","<USER> Please for heaven sake, since newest update the voice to text is horrible and texting is horrible","software_update_problem",0,"@149760 We'd like to help.  DM us the device and OS version with the voice to text and texting issues you're experiencing as well. https://t.co/GDrqU22YpT","","pending","",""
"gold_116","290128","conv_AppleSupport_290128","@115858 the latest Apple update is an absolute disgrace my ipad is constantly freezing having to be rebooted every 30 seconds ! Wtf !!!","<USER> the latest Apple update is an absolute disgrace my ipad is constantly freezing having to be rebooted every 30 seconds ! Wtf !!!","software_update_problem",6,"@185112 We're here to help. Let's gather some details to work towards a resolution. When did you install the update? Go on and DM us. https://t.co/GDrqU22YpT","","pending","",""
"gold_117","1068848","conv_AppleSupport_1068848","If I could turn auto brightness off and also not have my Bluetooth automatically turn on everytime I start my car that would be nice @115858","If I could turn auto brightness off and also not have my Bluetooth automatically turn on everytime I start my car that would be nice <USER>","hardware_audio_connection_issue",5,"@372233 We can certainly help you with Bluetooth and Auto-Brightness. Which iOS version are you running?","","pending","",""
"gold_118","2958692","conv_AppleSupport_2958692","Why does my iPhone go from 65% to 12% charge in less than 5 min? 😫 @115858 @AppleSupport","Why does my iPhone go from 65% to 12% charge in less than 5 min? 😫 <USER> <USER>","battery_power_issue",1,"@816596 We'd be happy to look into this with you more in detail.  Let us know in DM the devide you're using and what version of iOS. https://t.co/GDrqU22YpT","","pending","",""
"gold_119","751635","conv_AppleSupport_751635","#Siri. Hate new voice seems to works less well. Sounds like a teenager. @115858 @AppleSupport   Options?  Multiple selection.","#Siri. Hate new voice seems to works less well. Sounds like a teenager. <USER> <USER> Options? Multiple selection.","general_device_support",0,"@299645 We'd like to help. Tap Settings &gt; Siri &amp; Search &gt; Siri Voice to change. Feedback can be left here: https://t.co/aXEtn6UIwx","","pending","",""
"gold_120","1489604","conv_AppleSupport_1489604","Will I lose everything on my phone if I make a new Apple ID? 
@AppleSupport","Will I lose everything on my phone if I make a new Apple ID? <USER>","account_access_issue",4,"@465980 Great question! Help is here. Any purchases made on your previous Apple ID will not be accessible through the new Apple ID.","","pending","",""
"gold_121","2360371","conv_AppleSupport_2360371","@AppleSupport How do I get to the Chat support for Apple Support? I need to leave a feedback for an app, but it's now impossible to do now that the App Store is no longer part of iTunes. Without this feature, some flawed games may go away unscathed.","<USER> How do I get to the Chat support for Apple Support? I need to leave a feedback for an app, but it's now impossible to do now that the App Store is no longer part of iTunes. Without this feature, some flawed games may go away unscathed.","billing_purchase_issue",4,"@681646 We're happy to help you with this. Let's meet up in DM and work together. https://t.co/GDrqU22YpT","","pending","",""
"gold_122","1925182","conv_AppleSupport_1925182","@AppleSupport Hi, how can I stop my MacBook installing public betas for high sierra?","<USER> Hi, how can I stop my MacBook installing public betas for high sierra?","mac_software_issue",5,"@171394 We’ve got you covered. Check out this guide and send a DM if you have questions: https://t.co/4Xnb7WjVko https://t.co/GDrqU22YpT","","pending","",""
"gold_123","391224","conv_AppleSupport_391224","It's hard to destroy the #thundercats when my #iphone6 keeps running out of battery. @AppleSupport any tips?","It's hard to destroy the #thundercats when my #iphone6 keeps running out of battery. <USER> any tips?","battery_power_issue",2,"@208633 We'd love to work together on this with you. Meet us in DM to get started: https://t.co/GDrqU22YpT","","pending","",""
"gold_124","1525130","conv_AppleSupport_1525130","What is up @115858 @AppleSupport with the letter I looking like this 👉🏼 I️  on my IPhone","What is up <USER> <USER> with the letter I looking like this 👉🏼 I️ on my IPhone","keyboard_typing_issue",0,"@473728 Hey there, can you send us a quick DM using the link below? We'll be happy to look into that with you. https://t.co/GDrqU22YpT","","pending","",""
"gold_125","2146542","conv_AppleSupport_2146542","Dear @115858 Please fix the podcast app. I miss knowing which archived episodes I haven't listened to and when the home screen display was accurate and functioning.","Dear <USER> Please fix the podcast app. I miss knowing which archived episodes I haven't listened to and when the home screen display was accurate and functioning.","display_touch_issue",5,"@630999 We'd be happy to help with your device not working as expected. Can you tell us more in DM? https://t.co/GDrqU22YpT","","pending","",""
"gold_126","1534998","conv_AppleSupport_1534998","When I AirPlay I only hear audio - no video @AppleSupport. I have had my Apple TV 3 weeks &amp; have had nothing but trouble 😡😡😡😡","When I AirPlay I only hear audio - no video <USER>. I have had my Apple TV 3 weeks &amp; have had nothing but trouble 😡😡😡😡","hardware_audio_connection_issue",5,"@351367 We want your Apple TV to work as expected. Reach out to us directly with this link for help with this. https://t.co/IBIY3vMgPj","","pending","",""
"gold_127","1720831","conv_AppleSupport_1720831","@AppleSupport Updated my phone with the new IOS two hours ago, phone refuses to charge ever since ?  Massive battery problems","<USER> Updated my phone with the new IOS two hours ago, phone refuses to charge ever since ? Massive battery problems","battery_power_issue",1,"@520810 We understand how important it is to be able to charge your iPhone. DM us and let us know your iPhone model. https://t.co/GDrqU22YpT","","pending","",""
"gold_128","2341925","conv_AppleSupport_2341925","hey @115858 can u fix IOS","hey <USER> can u fix IOS","general_device_support",3,"@677414 We're here for you. What's happening with your iOS device? Tell us more about the issues you've been experiencing with us in a DM: https://t.co/GDrqU22YpT","","pending","",""
"gold_129","668569","conv_AppleSupport_668569","Yo @115858 why can’t I change my password for the stupid Apple ID. HELP","Yo <USER> why can’t I change my password for the stupid Apple ID. HELP","account_access_issue",4,"@279418 Help is on the way. Send us a DM to get started. https://t.co/GDrqU22YpT","","pending","",""
"gold_130","2867896","conv_AppleSupport_2867896","I updated my phone and i still see the boxes with ? 🤬🤬🤬🤬🤬🤬😭😭 i officially HATE #APPLE you pay all this money for trash @AppleSupport","I updated my phone and i still see the boxes with ? 🤬🤬🤬🤬🤬🤬😭😭 i officially HATE #APPLE you pay all this money for trash <USER>","billing_purchase_issue",4,"@631383 Let’s work together on this behavior. To verify, is this happening in your new posts and messages? Or are you seeing those unexpected characters in posts and messages from other individuals? Let us know via a DM. We’ll keep moving from there. https://t.co/GDrqU22YpT","","pending","",""
"gold_131","2179486","conv_AppleSupport_2179486","Still getting NO messages from ANYBODY in ANY 4mat on my phoneeee whats good @115858 ?? What happened??? Did i du something WRONG? 🤔😱😎😇","Still getting NO messages from ANYBODY in ANY 4mat on my phoneeee whats good <USER> ?? What happened??? Did i du something WRONG? 🤔😱😎😇","general_device_support",2,"@638711 Hey there! This is certainly not the experience we want you to have. You're in great hands for support. DM us which iPhone and iOS version you're using. Use this link to check for the iOS version: https://t.co/ZTw54HL4Rm We look forward to your response. https://t.co/GDrqU22YpT","","pending","",""
"gold_132","2961386","conv_AppleSupport_2961386","So I have my shiny brand new @115858 MacBook and I can’t use it because it refuses to connect to my internet 😭 @AppleSupport Help me please","So I have my shiny brand new <USER> MacBook and I can’t use it because it refuses to connect to my internet 😭 <USER> Help me please","mac_software_issue",5,"@649813 We want to help you with your brand new MacBook so it will connect to your internet. That's not a fun way to start off your new computer. Is it just your home network that it won't connect to? Does it recognize your network but can't connect?","","pending","",""
"gold_133","484577","conv_AppleSupport_484577","@AppleSupport I have two problems. First of all, my ipad deleted songs that I paid for and if I go into iTunes it says purchased but won't -","<USER> I have two problems. First of all, my ipad deleted songs that I paid for and if I go into iTunes it says purchased but won't -","billing_purchase_issue",4,"@230316 Hey, we can address both concerns. First, let's look into what's going on with those songs. We want you to enjoy the songs that you've paid for. Can you check to make sure they're not hidden? This link will show you how to check: https://t.co/jjLUETEY0J","","pending","",""
"gold_134","2301938","conv_AppleSupport_2301938","@AppleSupport Not impressed with #ios11.1.1 Due to poor eyesight I increase text size slightly so I can read texts but all other text is now FAR too big I can’t see everything on screen. Why have you increased text size in everything other than texts? Makes no sense.","<USER> Not impressed with #ios11.1.1 Due to poor eyesight I increase text size slightly so I can read texts but all other text is now FAR too big I can’t see everything on screen. Why have you increased text size in everything other than texts? Makes no sense.","software_update_problem",3,"@668048 This is a great subject for feedback. The best place to leave that to make sure it's seen by the right people is here: https://t.co/eTPVYVFyd8","","pending","",""
"gold_135","1579815","conv_AppleSupport_1579815","@AppleSupport 🗣I am tired of seeing boxes ,with a question mark in the middle , where words are supposed to be. Fix this 💩 NOW !!","<USER> 🗣I am tired of seeing boxes ,with a question mark in the middle , where words are supposed to be. Fix this 💩 NOW !!","keyboard_typing_issue",0,"@486442 We'd be happy to help with this. Could you please confirm exactly what text seems to be being replaced with a question mark?","","pending","",""
"gold_136","154429","conv_AppleSupport_154429","@AppleSupport I ran a 5K yesterday and didn’t get my achievement award https://t.co/0I4d2SCw3Q","<USER> I ran a 5K yesterday and didn’t get my achievement award <URL>","general_device_support",7,"@151388 Hey there! Congratulations on the achievement. You will earn the award within 9 days of completing the Activity Challenge.","","pending","",""
"gold_137","2125116","conv_AppleSupport_2125116","Ok so face recognition isn't always working AND.... maybe something going on with the display.  @115858 here I come !","Ok so face recognition isn't always working AND.... maybe something going on with the display. <USER> here I come !","display_touch_issue",5,"@116839 We'd like to help! Send us a DM to proceed. https://t.co/GDrqU22YpT","","pending","",""
"gold_138","2522483","conv_AppleSupport_2522483","Hey @115858 can you guys fix Maps. Half the screen becomes useless while horizontal.","Hey <USER> can you guys fix Maps. Half the screen becomes useless while horizontal.","display_touch_issue",5,"@718397 That is not expected. We'd like to help. First, what kind of device are you using?","","pending","",""
"gold_139","1925602","conv_AppleSupport_1925602","@AppleSupport I am having issues with random shutdowns and freezing screen on my iPhone 8 Plus","<USER> I am having issues with random shutdowns and freezing screen on my iPhone 8 Plus","display_touch_issue",2,"@573144 We'd like to see how we can help. Send us a DM and let us know which iOS version you're running. We'll start there. https://t.co/GDrqU22YpT","","pending","",""
"gold_140","682008","conv_AppleSupport_682008","Looks like its a common problem with the @115858 High Sierra download as there are a number of pics posted on the web. 
This is the same error message which I got today.
It doesn't allow you to quit download unless you know your way around computers. Needs fixing asap @116333 https://t.co/PIbCxNlyoc","Looks like its a common problem with the <USER> High Sierra download as there are a number of pics posted on the web. This is the same error message which I got today. It doesn't allow you to quit download unless you know your way around computers. Needs fixing asap <USER> <URL>","mac_software_issue",5,"@282757 Send us a DM and let us know if you were able to get macOS High Sierra installed. We'll do our best to assist. https://t.co/GDrqU22YpT","","pending","",""
"gold_141","2837109","conv_AppleSupport_2837109","@AppleSupport please fix “I.T” I just wanna type a normal i and t 🤦🏾‍♀️","<USER> please fix “I.T” I just wanna type a normal i and t 🤦🏾‍♀️","keyboard_typing_issue",0,"@789643 We'd like to help out. How long have you been experiencing this? What's the version of iOS you're currently running?","","pending","",""
"gold_142","257724","conv_AppleSupport_257724","@AppleSupport I desperately try to re - login on my @115948 account but cannot get in - what’s up?!? #applemusic #fail","<USER> I desperately try to re - login on my <USER> account but cannot get in - what’s up?!? #applemusic #fail","account_access_issue",5,"@177306 We're happy to help with your Apple Music. What happens when you try to log in? Do you get an error message?","","pending","",""
"gold_143","2547154","conv_AppleSupport_2547154","New iPhone X arrived today. Within an hour the screen became totally unresponsive. Multiple restores did nothing... #iPhoneXScreenFail @AppleSupport","New iPhone X arrived today. Within an hour the screen became totally unresponsive. Multiple restores did nothing... #iPhoneXScreenFail <USER>","display_touch_issue",2,"@422691 Send us a DM. Let's see if we can get this running with you. https://t.co/GDrqU22YpT","","pending","",""
"gold_144","344131","conv_AppleSupport_344131","Whenever I log into @127550 on Safari, here's what I get: A blank screen. 
@AppleSupport https://t.co/ocpYFMNu4R","Whenever I log into <USER> on Safari, here's what I get: A blank screen. <USER> <URL>","display_touch_issue",5,"@120122 We can look into this with you. Which Apple device are you using? Are you only having trouble with the one website?","","pending","",""
"gold_145","2376104","conv_AppleSupport_2376104","@AppleSupport MY PHONE ISN’T LETTING ME ACCESS MY EMAIL AND I KEEP PUTTING THE CORRECT PASSWORD AND USERNAME THAT IT’S ALWAYS BEEN HELP PLS","<USER> MY PHONE ISN’T LETTING ME ACCESS MY EMAIL AND I KEEP PUTTING THE CORRECT PASSWORD AND USERNAME THAT IT’S ALWAYS BEEN HELP PLS","account_access_issue",2,"@685362 We want you to be able to access your email. Where are you entering the username and password? Let us know in DM. https://t.co/GDrqU22YpT","","pending","",""
"gold_146","1305648","conv_AppleSupport_1305648","Grrrr @115858 !! Billing me for Apple Music but I can’t listen!! You should reimburse people who are also having this issue. And the online chat to your company sucks!! #needmusic #roadtriptomorrow","Grrrr <USER> !! Billing me for Apple Music but I can’t listen!! You should reimburse people who are also having this issue. And the online chat to your company sucks!! #needmusic #roadtriptomorrow","billing_purchase_issue",4,"@425110 We’d like to see how we can help. Can you DM us some more details about the issue you're having? https://t.co/GDrqU22YpT","","pending","",""
"gold_147","2948385","conv_AppleSupport_2948385","Hey @115858. I just bought an iPhone 8 Plus on Sunday. Have treated the thing so so incredibly carefully while waiting for my case to arrive. It has two scratches across the screen already. I’m absolutely irate. I already contacted support who did nothing.","Hey <USER>. I just bought an iPhone 8 Plus on Sunday. Have treated the thing so so incredibly carefully while waiting for my case to arrive. It has two scratches across the screen already. I’m absolutely irate. I already contacted support who did nothing.","display_touch_issue",2,"@814285 We understand how this would be unexpected. We'd like to take a closer look with you. Please send us a DM including where the scratches are located on the screen. https://t.co/GDrqU22YpT","","pending","",""
"gold_148","338612","conv_AppleSupport_338612","@AppleSupport iPhone7-phone rings thru speakers when earbuds plugged in Lightning port. How do I set to ring in earb instead of speaker?","<USER> iPhone7-phone rings thru speakers when earbuds plugged in Lightning port. How do I set to ring in earb instead of speaker?","hardware_audio_connection_issue",2,"@196832 Let's see what we can find! What setting do you have for Settings &gt; General &gt; Accessibility &gt; Call Audio Routing?","","pending","",""
"gold_149","1812262","conv_AppleSupport_1812262","Salty w/ u, @115858. I do ur stupid update and now my battery life only lasts half of what it used to https://t.co/DOrzKQUjZw","Salty w/ u, <USER>. I do ur stupid update and now my battery life only lasts half of what it used to <URL>","software_update_problem",6,"@544455  We’d love to help with your battery. Please send us a DM to continue. https://t.co/GDrqU22YpT","","pending","",""
"gold_150","895991","conv_AppleSupport_895991","@AppleSupport I got an email saying my AppleID has been compromised, came as an attachment from an email an odd address—I think it's bogus","<USER> I got an email saying my AppleID has been compromised, came as an attachment from an email an odd address—I think it's bogus","account_access_issue",4,"@332785 We hear you and we want to help. Send us a DM to get started: https://t.co/GDrqU22YpT","","pending","",""
"gold_151","1478042","conv_AppleSupport_1478042","Dear @AppleSupport what’s up with the messed up keyboard that’s causes this I️ I️ to appear?","Dear <USER> what’s up with the messed up keyboard that’s causes this I️ I️ to appear?","keyboard_typing_issue",0,"@463203 We'd love to look into this. In DM, please let us know the software version you're using. https://t.co/GDrqU22YpT","","pending","",""
"gold_152","2403749","conv_AppleSupport_2403749","@AppleSupport How do I fix the green screen thing that happens when I watch @116602  on full screen? :( I wanna watch @118134 :(","<USER> How do I fix the green screen thing that happens when I watch <USER> on full screen? :( I wanna watch <USER> :(","display_touch_issue",5,"@691463 Hey, there. We want to learn more about what's going on so that we can help. DM us the device you're experiencing this on and we'll go from there. https://t.co/GDrqU22YpT","","pending","",""
"gold_153","1443397","conv_AppleSupport_1443397","Why can’t @188 use The Safari (browser) in Mac to make voice calls? Any comments @AppleSupport","Why can’t <USER> use The Safari (browser) in Mac to make voice calls? Any comments <USER>","mac_software_issue",5,"@454907 We’d be glad to help get to the bottom of this. Can you start by letting us know more via DM? https://t.co/GDrqU22YpT","","pending","",""
"gold_154","599132","conv_AppleSupport_599132","I’m so happy the #iPhoneX came out. Now my Fossil of a phone #iPhone7 can start working at an incredibly slow pace and shut off randomly. @115858 at its finest.","I’m so happy the #iPhoneX came out. Now my Fossil of a phone #iPhone7 can start working at an incredibly slow pace and shut off randomly. <USER> at its finest.","general_device_support",2,"@262102 Let's take a look at this together. Have you already updated your iPhone 7 to iO11.2? It was released yesterday and may resolve the speed issue on your iPhone. If it's updated, let's go into DM so we can work together to get your iPhone up to speed. https://t.co/GDrqU22YpT","","pending","",""
"gold_155","1648474","conv_AppleSupport_1648474","@115858 can you fix the thing where whenever I️ try and type the word “I️” it changes it to a box with a question mark? It’s real annoying","<USER> can you fix the thing where whenever I️ try and type the word “I️” it changes it to a box with a question mark? It’s real annoying","keyboard_typing_issue",0,"@503607 Here’s what you can do to work around the issue until it’s fixed in a future software update: https://t.co/xXaXeeSRt9","","pending","",""
"gold_156","146626","conv_AppleSupport_146626","@AppleSupport After one month, iWatch S3 strap’s coating is peeling. Solution? https://t.co/nZveXJf9XQ","<USER> After one month, iWatch S3 strap’s coating is peeling. Solution? <URL>","general_device_support",5,"@149284 Hi there! We'd like to make see what options we have available for your band. Please meet us in DM, and let us know your country, so we may assist.","","pending","",""
"gold_157","1758941","conv_AppleSupport_1758941","@AppleSupport where can I find out if my AirPods are still under the warranty?","<USER> where can I find out if my AirPods are still under the warranty?","hardware_audio_connection_issue",4,"@529466 We can check the warranty status for you. Send us a DM, and we'll go from there. https://t.co/GDrqU22YpT","","pending","",""
"gold_158","1807753","conv_AppleSupport_1807753","@AppleSupport should my laptop charger be hot enough to burn me, because it just completely blistered my skin...?","<USER> should my laptop charger be hot enough to burn me, because it just completely blistered my skin...?","battery_power_issue",4,"@543091 We'd really like to look into this with you further. Meet us in DM with some details, and we'll pick up there. https://t.co/GDrqU22YpT","","pending","",""
"gold_159","1543316","conv_AppleSupport_1543316","@AppleSupport why the FUCK is the letter i️ turning into a question mark","<USER> why the FUCK is the letter i️ turning into a question mark","keyboard_typing_issue",0,"@478109 We'd like to help. DM us which type of device and OS version you're using: https://t.co/GDrqU22YpT","","pending","",""
"gold_160","1397360","conv_AppleSupport_1397360","@AppleSupport I’ve completely reset my iPad but it’s asking me for a sign in to get back into the device which I don’t know, what can I do?","<USER> I’ve completely reset my iPad but it’s asking me for a sign in to get back into the device which I don’t know, what can I do?","account_access_issue",4,"@444949 We’ve received your DM and will continue there shortly. Thank you for your patience.","","pending","",""
"gold_161","495121","conv_AppleSupport_495121","@AppleSupport I’m having Bluetooth issues with my iPhone X. Some Bluetooth devices are not discovered. This is in close proximity.","<USER> I’m having Bluetooth issues with my iPhone X. Some Bluetooth devices are not discovered. This is in close proximity.","hardware_audio_connection_issue",2,"@233065 Let's figure this out so you can enjoy your bluetooth devices with your iPhone X. Check out this link and let us know if it helps: https://t.co/JMbUWh4fsj","","pending","",""
"gold_162","1142121","conv_AppleSupport_1142121","iPhone 7plus had 100% battery 2 hours ago now 70%. Been with @AppleSupport since iPhone 4 I think it’s time to move on. Cheaply made now.","iPhone 7plus had 100% battery 2 hours ago now 70%. Been with <USER> since iPhone 4 I think it’s time to move on. Cheaply made now.","battery_power_issue",1,"@388833 Let us help out. Which iOS version are you running? Also, let's try a few steps here: https://t.co/bivpdfBNJ6","","pending","",""
"gold_163","2076394","conv_AppleSupport_2076394","Thanks @115858 for the iOS 11 update. It sucks. My phone freezes ALL the time. And the screen brightness adjustment sucks. 🤘😞","Thanks <USER> for the iOS 11 update. It sucks. My phone freezes ALL the time. And the screen brightness adjustment sucks. 🤘😞","software_update_problem",1,"@614100 We'd like to take a closer look at what's happening. DM us with what type of iPhone you're using to begin. https://t.co/GDrqU22YpT","","pending","",""
"gold_164","1695999","conv_AppleSupport_1695999","@115858, WTF is with capitalizing all the autocorrect words? So Dumb. Fo Real.","<USER>, WTF is with capitalizing all the autocorrect words? So Dumb. Fo Real.","keyboard_typing_issue",0,"@514532 We want to help you out with this. Which iOS version are you running? Meet us over in DM, and we’ll take a look with you. https://t.co/GDrqU22YpT","","pending","",""
"gold_165","2985076","conv_AppleSupport_2985076","@AppleSupport i FaceTimed my mate everyday and now when I go to ft him it won’t connect but it connects with everyone else????","<USER> i FaceTimed my mate everyday and now when I go to ft him it won’t connect but it connects with everyone else????","general_device_support",5,"@823118 DM us using the link below and let us know which device you're using with FaceTime. https://t.co/GDrqU22YpT","","pending","",""
"gold_166","1798749","conv_AppleSupport_1798749","@AppleSupport On Apple TV, how do I get to the Now Playing screen in the Music app?","<USER> On Apple TV, how do I get to the Now Playing screen in the Music app?","display_touch_issue",5,"@515715 Thanks for reaching out! For this particular issues, reach out to our Apple TV Advisors here: https://t.co/IBIY3vMgPj https://t.co/GDrqU22YpT","","pending","",""
"gold_167","1470847","conv_AppleSupport_1470847","Neat. My @AppleSupport phone call ended abruptly","Neat. My <USER> phone call ended abruptly","general_device_support",2,"@461409 If you're still unable to reach out to them, we're happy to help here. Let us know what's going on and we can go from there.","","pending","",""
"gold_168","2438480","conv_AppleSupport_2438480","@AppleSupport my fingerprint ID isn’t working. Plz fix","<USER> my fingerprint ID isn’t working. Plz fix","general_device_support",0,"@699437 We're here to help. Are you setting up a new Touch ID or attempting to use an existing Touch ID?","","pending","",""
"gold_169","1702100","conv_AppleSupport_1702100","@115858 fix this fucking question mark exclamation shit before I️ get a tracfone","<USER> fix this fucking question mark exclamation shit before I️ get a tracfone","keyboard_typing_issue",0,"@516071 Here’s what you can do to work around the issue until it’s fixed in a future software update: https://t.co/qODbOsp4wz","","pending","",""
"gold_170","2714151","conv_AppleSupport_2714151","@AppleSupport how can my phone charge without telling me it's charging?","<USER> how can my phone charge without telling me it's charging?","battery_power_issue",2,"@761932 Hi there! Can you give us a bit more info as to what you mean? Let us know in a DM. https://t.co/GDrqU22YpT","","pending","",""
"gold_171","2731333","conv_AppleSupport_2731333","Dear @115858 
I love my iPhone &amp; all its features. I think the Hey Siri feature should unlock your phone. Kinda sucks when I’m trying to show off the Hey Siri feature or just use it in general &amp; I still have to touch my phone. Please change. 
             Longtime iPhone Customer.","Dear <USER> I love my iPhone &amp; all its features. I think the Hey Siri feature should unlock your phone. Kinda sucks when I’m trying to show off the Hey Siri feature or just use it in general &amp; I still have to touch my phone. Please change. Longtime iPhone Customer.","display_touch_issue",2,"@765686 Thanks for reaching out to us. We truly value your input. Please use the following link to provide us with feedback and/or suggestions: https://t.co/ODFtc9V7Tq","","pending","",""
"gold_172","1979246","conv_AppleSupport_1979246","@AppleSupport Hey there, there is an issue with 3D touch on the calendar app. Only happens if there is a location on the event. https://t.co/YclkfXlfaL","<USER> Hey there, there is an issue with 3D touch on the calendar app. Only happens if there is a location on the event. <URL>","display_touch_issue",5,"@585964 We'll be happy to help with this. To start, which iOS version is your iPhone running? Let us know in DM, and we'll meet you there. https://t.co/GDrqU22YpT","","pending","",""
"gold_173","619502","conv_AppleSupport_619502","Hey @115858 @AppleSupport we need a lil favour. Safari 11.0.1 &amp; it’s relationship with High Sierra needs to be fixed. Many people are having multiple problems since the High Sierra update, specific sites are not loading. Multiple community posts have not fixed problem. Please help","Hey <USER> <USER> we need a lil favour. Safari 11.0.1 &amp; it’s relationship with High Sierra needs to be fixed. Many people are having multiple problems since the High Sierra update, specific sites are not loading. Multiple community posts have not fixed problem. Please help","mac_software_issue",5,"@267012 We're happy to help. Send us a DM, and we'll take a closer look at the issues you're experiencing with Safari there. https://t.co/GDrqU22YpT","","pending","",""
"gold_174","1849594","conv_AppleSupport_1849594","The latest iOS update has shrunk my screen, made my WiFi connection go slower, reduced my battery life and memory space. Cheers @115858","The latest iOS update has shrunk my screen, made my WiFi connection go slower, reduced my battery life and memory space. Cheers <USER>","battery_power_issue",1,"@122601 We're here for you. Send us a DM with more details of what's happening, and your iOS version, and we'll go from there: https://t.co/GDrqU22YpT","","pending","",""
"gold_175","767","conv_AppleSupport_767","I just need @115858 to do something about the battery life because it sucks ass","I just need <USER> to do something about the battery life because it sucks ass","battery_power_issue",1,"@115871 We want to help you get your battery life back on track. Please DM and we'll look at it together. https://t.co/GDrqU22YpT","","pending","",""
"gold_176","2726855","conv_AppleSupport_2726855","@AppleSupport my iPhone 8 Plus, while on the QI charger won’t charge above 81%.","<USER> my iPhone 8 Plus, while on the QI charger won’t charge above 81%.","battery_power_issue",1,"@450014 Thanks for reaching out to us about charging your iPhone. We certainly understand that's important to have working right &amp; we'll do all we can to help. Tell us which iOS version is installed &amp; what charger you're using. Does this happen with other chargers too?","","pending","",""
"gold_177","1709202","conv_AppleSupport_1709202","My IPhone glitch is that it won’t stay connected to any WiFi. @AppleSupport ?","My IPhone glitch is that it won’t stay connected to any WiFi. <USER> ?","hardware_audio_connection_issue",2,"@517906 We're here to help and get you connected. In this scenario, check out: https://t.co/sXbhzfS2lM and keep us posted.","","pending","",""
"gold_178","2569232","conv_AppleSupport_2569232","Took my phone off the charger 4 minutes ago, I’m already at 22%. Wtf @115858?","Took my phone off the charger 4 minutes ago, I’m already at 22%. Wtf <USER>?","battery_power_issue",2,"@728702  We can help? What device do you own? Are you charging with an official Apple cable &amp; adapter?","","pending","",""
"gold_179","1750402","conv_AppleSupport_1750402","Dear @115858 @AppleSupport who in the world would want to type weird symbols instead of speak in first person?","Dear <USER> <USER> who in the world would want to type weird symbols instead of speak in first person?","keyboard_typing_issue",0,"@527503 We can assist you. We recommend the following steps available in this guide: https://t.co/xXaXeeSRt9","","pending","",""
"gold_180","2079653","conv_AppleSupport_2079653",".@115858 battery and velocity of my iPhone 6 really sucks / batería y velocidad de mi iPhone 6 con el iOS 11 realmente apestan #iOS11 #fail",".<USER> battery and velocity of my iPhone 6 really sucks / batería y velocidad de mi iPhone 6 con el iOS 11 realmente apestan #iOS11 #fail","battery_power_issue",1,"@615063 We'd be happy to take a look!  To begin, DM us which iOS version you're currently on and we'll go from there: https://t.co/GDrqU22YpT","","pending","",""
"gold_181","427838","conv_AppleSupport_427838",". @115858 my laptop not letting me use my keyboard or mouse.... y’all need to help me out",". <USER> my laptop not letting me use my keyboard or mouse.... y’all need to help me out","keyboard_typing_issue",5,"@216742 We can help, of course! Which MacBook are you using? Are you getting any alerts about your connected mouse or keyboard?","","pending","",""
"gold_182","325484","conv_AppleSupport_325484","@AppleSupport hi, i update to Hugh Sierra but install stuck on progress bar for 2 days, so i power off my Mbp and now impossible tu update, everytime i return to recovery boot menu 😭😭😭it’s been 4 days i try... think my Mbp is dead 😭😭😭","<USER> hi, i update to Hugh Sierra but install stuck on progress bar for 2 days, so i power off my Mbp and now impossible tu update, everytime i return to recovery boot menu 😭😭😭it’s been 4 days i try... think my Mbp is dead 😭😭😭","mac_software_issue",5,"@193531 We're here for you. What happens when you try to reinstall macOS from recovery?","","pending","",""
"gold_183","1982451","conv_AppleSupport_1982451","@AppleSupport I already have a subscription to Apple music, so why does it keep showing me this each time I try playing a song ? https://t.co/MHWw7tKjUo","<USER> I already have a subscription to Apple music, so why does it keep showing me this each time I try playing a song ? <URL>","billing_purchase_issue",5,"@586809 Let's check into this together. Have you confirmed you're still signed in? If so, DM us which iOS version is installed: https://t.co/GDrqU22YpT","","pending","",""
"gold_184","682047","conv_AppleSupport_682047","So, @AppleSupport just isn’t going to fix this “I️” glitch, huh?","So, <USER> just isn’t going to fix this “I️” glitch, huh?","general_device_support",0,"@282770 Here’s what you can do to work around the issue until it’s fixed in a future software update: https://t.co/xXaXeeSRt9","","pending","",""
"gold_185","2472935","conv_AppleSupport_2472935","@AppleSupport when I try to remove my credit card off my iTunes account it doesn't let me save the changes it says an unknown error has occurred; I would like to remove my credit card please!","<USER> when I try to remove my credit card off my iTunes account it doesn't let me save the changes it says an unknown error has occurred; I would like to remove my credit card please!","billing_purchase_issue",4,"@692856 We'd like to look into that with you. What type of device are you using to try and update your payment information? Please let us know in DM. https://t.co/GDrqU22YpT","","pending","",""
"gold_186","1637076","conv_AppleSupport_1637076","@AppleSupport so why can’t I️ see the letter I️ on my phone when it’s by itself","<USER> so why can’t I️ see the letter I️ on my phone when it’s by itself","keyboard_typing_issue",0,"@500689 Here’s what you can do to work around the issue until it’s fixed in a future software update: https://t.co/xXaXeeSRt9","","pending","",""
"gold_187","2952380","conv_AppleSupport_2952380","@AppleSupport Just FYI, I’ve received 10 robocalls since yesterday, which claim my Apple account has been compromised. Caller ID reads “Apple Computer”. I’ve saved the audio recording if you want it.","<USER> Just FYI, I’ve received 10 robocalls since yesterday, which claim my Apple account has been compromised. Caller ID reads “Apple Computer”. I’ve saved the audio recording if you want it.","hardware_audio_connection_issue",4,"@815212 That'll be great, thank you. Use the information in this article to block that phone number, and to send that recording to us in an email: https://t.co/NPfL8Ad0w0","","pending","",""
"gold_188","307313","conv_AppleSupport_307313","@115858 @AppleSupport the dongle for iPhone 7 was poorly executed (audio not edited) https://t.co/EdrDw3Ipbp","<USER> <USER> the dongle for iPhone 7 was poorly executed (audio not edited) <URL>","hardware_audio_connection_issue",2,"@170956 We'd love to look into this with you, and do our best to help. Can you tell us more about what you mean by ""the dongle""?","","pending","",""
"gold_189","1239005","conv_AppleSupport_1239005","@AppleSupport Why isn‘t it possible to change the e-mail adress from my AppleID? Was created with gmail, now i want only icloud.","<USER> Why isn‘t it possible to change the e-mail adress from my AppleID? Was created with gmail, now i want only icloud.","account_access_issue",4,"@410625 We know how important your Apple ID is and we'd like to help. Please take a look at this article: https://t.co/xuZEqdPMFW","","pending","",""
"gold_190","2297834","conv_AppleSupport_2297834","@115858 there’s been a problem with my sisters iPhone 7 like it won’t turn on or nothing even though it’s  good charged, has not been dropped","<USER> there’s been a problem with my sisters iPhone 7 like it won’t turn on or nothing even though it’s good charged, has not been dropped","billing_purchase_issue",2,"@667037 Send us a DM please. Let us know the country you're located in, and we'll start looking into options with you. https://t.co/GDrqU22YpT","","pending","",""
"gold_191","1587417","conv_AppleSupport_1587417","Hi @AppleSupport my c3yo iPad Air died. Tried restore as per website, error msg now MacBook can’t detect at all. Any ideas? Take to Store?","Hi <USER> my c3yo iPad Air died. Tried restore as per website, error msg now MacBook can’t detect at all. Any ideas? Take to Store?","mac_software_issue",5,"@488285 We can certainly work on that iPad with you. So we've got the right steps in mind for you, do you recall that error message?","","pending","",""
"gold_192","2298603","conv_AppleSupport_2298603","@115858 I am facing issues with my apple id recovery process. I am having two factor authentication enabled on my phone. when i submitted a request to recover my password , I receieved an email saying that password will be recovered in six days. help me pls","<USER> I am facing issues with my apple id recovery process. I am having two factor authentication enabled on my phone. when i submitted a request to recover my password , I receieved an email saying that password will be recovered in six days. help me pls","account_access_issue",4,"@667220 You'll want to reach out to our Account Security team to have this looked into. You can reach them here: https://t.co/IBIY3vMgPj","","pending","",""
"gold_193","2347699","conv_AppleSupport_2347699","Cannot get our @16487  to work with @115858 TV. It shows we do not have a subscription (works on PC and iPad). No help from either @16487  or @115858. Very frustrating.","Cannot get our <USER> to work with <USER> TV. It shows we do not have a subscription (works on PC and iPad). No help from either <USER> or <USER>. Very frustrating.","billing_purchase_issue",5,"@678722 You can get help with Apple TV issues here.  https://t.co/IBIY3vMgPj","","pending","",""
"gold_194","2117127","conv_AppleSupport_2117127","@AppleSupport I️ would appreciate it if we could fix why when I️ type “I️” it autocorrects to something very far off from I️. https://t.co/3nXR8hRk3j","<USER> I️ would appreciate it if we could fix why when I️ type “I️” it autocorrects to something very far off from I️. <URL>","keyboard_typing_issue",0,"@623998 Here’s what you can do to work around the issue until it’s fixed in a future software update: https://t.co/xXaXeeSRt9","","pending","",""
"gold_195","2256227","conv_AppleSupport_2256227","@118721 @115858 @AppleSupport is there a reason why i can't complete my album for reputation? I have purchased 3 of the songs, but the price hasn't changed from full price. Before it was released, the preorder showed a lower price for purchasing some in advance. What happened?","<USER> <USER> <USER> is there a reason why i can't complete my album for reputation? I have purchased 3 of the songs, but the price hasn't changed from full price. Before it was released, the preorder showed a lower price for purchasing some in advance. What happened?","billing_purchase_issue",4,"@657133 Did you pre-order the album? Let us know and we'll take a look with you.","","pending","",""
"gold_196","1406223","conv_AppleSupport_1406223","@115858 still having the word problem, auto correct changing is to I.S ?! #iOS11 #autocorrect","<USER> still having the word problem, auto correct changing is to I.S ?! #iOS11 #autocorrect","keyboard_typing_issue",0,"@132788 Let us look into that with you. What iOS device are you using? DM us back, we'll continue there. https://t.co/GDrqU22YpT","","pending","",""
"gold_197","822743","conv_AppleSupport_822743","@AppleSupport hi. So i hv problems. Applesupport sent me an email abt 1 month ago saying there is somebody trying to sign in to my account —","<USER> hi. So i hv problems. Applesupport sent me an email abt 1 month ago saying there is somebody trying to sign in to my account —","account_access_issue",5,"@315980 Let's look at this together. Please DM us. https://t.co/GDrqU22YpT","","pending","",""
"gold_198","584824","conv_AppleSupport_584824","@AppleSupport Can I use my wired  printer  having USB on my MacBook pro which has  has c type?..Pls suggest if USB hub and c-type to USB female will work for it?","<USER> Can I use my wired printer having USB on my MacBook pro which has has c type?..Pls suggest if USB hub and c-type to USB female will work for it?","mac_software_issue",5,"@118356 The configuration you've described will work just fine, however if you'd like to avoid using a hub, you could also opt to purchase a USB-B to USB-C cable instead to connect your printer directly to your MacBook Pro.","","pending","",""
"gold_199","1531303","conv_AppleSupport_1531303","What is going with this fuckin bug @115858 ?! I keeps changing into a damn question mark box. Fix the shit.","What is going with this fuckin bug <USER> ?! I keeps changing into a damn question mark box. Fix the shit.","keyboard_typing_issue",0,"@475056 We've got your back. Which iOS version are you running? Please reply with a DM. https://t.co/GDrqU22YpT","","pending","",""
"gold_200","1156325","conv_AppleSupport_1156325","Hi @AppleSupport, 
How much is 9.7inch cellular+wifi IPAD?","Hi <USER>, How much is 9.7inch cellular+wifi IPAD?","hardware_audio_connection_issue",4,"@392004 We'd be happy to take a look for you!  Can you tell us what country you're located in?  Also, check out: https://t.co/maN6wOXGev","","pending","",""
